,Count
market risk.,16
management risk.,12
liquidity risk.,12
derivatives risk.,7
regulatory risk.,6
issuer risk.,6
leverage risk.,5
credit risk.,5
equity risk.,5
.,5
concentration risk.,5
market risk .,4
currency risk.,4
etf risk.,4
sector risk.,4
issuer-specific changes.,3
cybersecurity risk.,3
management risk .,3
issuer risk .,3
non-correlation risk.,3
redemption risk.,3
valuation risk.,2
adr risk.,2
tax risk.,2
extension risk.,2
derivatives risk .,2
index risk.,2
options risk.,2
warrants risk.,2
commodity risk.,2
futures risk.,2
reit risk.,2
foreign exposure.,2
non-diversification risk .,2
counter-party risk.,2
index-related risk.,2
industry exposure.,1
leveraging risk.,1
commodity-linked investing.,1
visit www.401k.,1
hedging risk.,1
liquidity risk    .,1
operational risk .,1
non-diversification risk    .,1
state-specific risk    .,1
headline risk.,1
manager risk.,1
mlp risk.,1
allocation risk.,1
non-diversified risk.,1
information risk.,1
commodities risk.,1
subsidiary risk.,1
structural risk .,1
indexing risk.,1
fund-of-funds risk.,1
www.btim.com www.waldenassetmgmt.,1
valuation risk .,1
", below.",1
security risk .,1
geographic risk .,1
technology risk.,1
futures .,1
options.,1
expense risk .,1
focus risk .,1
regulatory risk .,1
transactions risk.,1
loan risk.,1
call\nrisk .,1
cybersecurity\nrisk .,1
etf risks.,1
trading  .,1
market risk  .,1
non-diversification risk  .,1
tax risk  .,1
call risk .,1
credit risk .,1
income risk.,1
liquidity risk .,1
model risk .,1
 main risk.,1
non-diversification risk.,1
illiquidity risk.,1
currency risk .,1
custody risk .,1
swaps risk.,1
